{"time": "2021-08-29 01:21:38", "temperature": 26.316816669754918, "humidity": 62.61835671008439, "pressure": 998.2336755944461, "pressure_mmhg": 751, "light": 0.83, "camera_mode": "Normal mode"}