{"time": "2021-08-29 01:22:26", "temperature": 26.34705307521508, "humidity": 62.76919713315703, "pressure": 998.2564232816118, "pressure_mmhg": 751, "light": 0.83, "camera_mode": "Normal mode"}