{"time": "2021-08-29 01:31:33", "temperature": 26.30673787026317, "humidity": 63.17536735111806, "pressure": 998.2965530831384, "pressure_mmhg": 751, "light": 0.83, "camera_mode": "Normal mode"}