{"time": "2021-08-29 01:33:51", "temperature": 26.30673787026317, "humidity": 63.259967847765196, "pressure": 998.2700504674326, "pressure_mmhg": 751, "light": 1.67, "camera_mode": "Normal mode"}