{"time": "2021-08-29 01:35:57", "temperature": 26.296659071935572, "humidity": 63.24726793311807, "pressure": 998.2534193961005, "pressure_mmhg": 751, "light": 0.83, "camera_mode": "Night-vision mode"}