{"time": "2021-08-29 01:45:44", "temperature": 26.296659071935572, "humidity": 63.28674669207167, "pressure": 998.2004151035856, "pressure_mmhg": 751, "light": 2.5, "camera_mode": "Night-vision mode"}