{"time": "2021-08-29 02:05:28", "temperature": 26.316816669754918, "humidity": 63.14294414508289, "pressure": 998.1806695974451, "pressure_mmhg": 751, "light": 1.67, "camera_mode": "Night-vision mode"}