{"time": "2021-08-29 02:10:40", "temperature": 26.331934871175328, "humidity": 63.517293831052235, "pressure": 998.0992797416073, "pressure_mmhg": 750, "light": 1.67, "camera_mode": "Night-vision mode"}