{"time": "2021-08-29 02:18:24", "temperature": 26.32689547041082, "humidity": 64.1030675497885, "pressure": 998.0379591543289, "pressure_mmhg": 750, "light": 1.67, "camera_mode": "Night-vision mode"}