{"time": "2021-08-29 11:30:22", "temperature": 25.974138140125433, "humidity": 56.375874410741126, "pressure": 996.3745765791496, "pressure_mmhg": 749, "light": 157.5, "camera_mode": "Normal mode"}