{"time": "2021-08-29 11:31:21", "temperature": 25.99429566343897, "humidity": 56.688985822792915, "pressure": 996.3544904078539, "pressure_mmhg": 749, "light": 170.0, "camera_mode": "Normal mode"}