{"time": "2021-08-29 11:31:52", "temperature": 26.00437442684197, "humidity": 56.63943603022332, "pressure": 996.3975828389878, "pressure_mmhg": 749, "light": 190.0, "camera_mode": "Normal mode"}