{"time": "2021-08-29 11:32:43", "temperature": 25.99933504499495, "humidity": 56.53714875781414, "pressure": 996.4422572397431, "pressure_mmhg": 749, "light": 207.5, "camera_mode": "Normal mode"}