{"time": "2021-08-29 12:24:26", "temperature": 26.599023528170072, "humidity": 55.498063500840544, "pressure": 996.1239486153976, "pressure_mmhg": 749, "light": 133.33, "camera_mode": "Normal mode"}