{"time": "2021-08-29 12:25:27", "temperature": 26.56878703539842, "humidity": 55.49434768749803, "pressure": 996.1010083560037, "pressure_mmhg": 749, "light": 145.0, "camera_mode": "Normal mode"}