{"time": "2021-08-29 12:26:26", "temperature": 26.55870820680284, "humidity": 54.38997633194086, "pressure": 996.1374414560444, "pressure_mmhg": 749, "light": 125.0, "camera_mode": "Normal mode"}