{"time": "2021-08-29 13:46:51", "temperature": 26.634299449645916, "humidity": 51.60807907478696, "pressure": 996.1813787971748, "pressure_mmhg": 749, "light": 1022.5, "camera_mode": "Normal mode"}