{"time": "2021-08-28 11:59:02", "temperature": 25.661697124229978, "humidity": 51.63828824125746, "pressure": 1000.6027711365682, "pressure_mmhg": 752, "light": 380.0, "camera_mode": "Normal mode"}