{"time": "2021-08-28 12:53:13", "temperature": 25.72216949160793, "humidity": 53.31214969549135, "pressure": 1000.2520667335051, "pressure_mmhg": 752, "light": 166.67, "camera_mode": "Normal mode"}